,Score,Accuracy
0,-0.8847200914139539,-1.453322132799735
3,-0.938572618717412,-0.2864971946379404
2,1.3770860553312851,0.6433164279597395
1,-0.02307965455862481,0.953254302158966
