,quiz.topic,score,accuracy,speed,final_score,total_questions
4,Microbes in Human Welfare,76,1,95,76,20
2,Human Health and Disease ,112,0.93,100,110,41
7,Reproductive Health ,52,0.9199999999999999,93,50.5,22
1,Body Fluids and Circulation ,54.666666666666664,0.7999999999999999,92.66666666666667,51.333333333333336,23
0,Body Fluids and Circulation,86.66666666666667,0.7233333333333333,98.66666666666667,78.66666666666667,100
